id,teff,logg,feh,alpha
spec-56562-KP192102N424113V02_sp12-061.fits,4827.34,2.61688,-0.20967,0.0884462
spec-56591-KP195920N454621V3_sp01-136.fits,4817.17,2.68577,0.0500152,0.0289241
spec-56777-VB171N03V1_sp13-197.fits,4682.43,2.68167,-0.407408,0.244057
spec-56811-KP190339N395439V01_sp15-236.fits,4753.19,2.6511,0.0930817,0.0644859
spec-56611-GAC108N21V3_sp12-103.fits,4978.53,2.63171,-0.569053,0.0969869
spec-56550-KP194045N483045V02_sp12-015.fits,4643.16,2.60126,-0.231679,0.122465
spec-56679-HD090143N355133V01_sp11-114.fits,4667.38,2.43269,-0.880644,0.245835
spec-56660-HD121616S031407V01_sp13-175.fits,5563.25,3.91829,-0.654167,0.139841
spec-56798-KP192314N471144V01_sp02-026.fits,4856.34,2.60742,-0.176599,0.211003
spec-55976-GAC_099N04_V1_sp15-236.fits,4509.21,2.72843,-0.318098,0.0302993
spec-56777-VB171N03V1_sp09-236.fits,4590.14,2.26491,-0.667964,0.271689
spec-56798-KP192314N471144V01_sp11-088.fits,4790.46,3.16526,-0.0727992,0.212096
spec-56562-KP192102N424113V02_sp08-142.fits,4847.77,2.66969,-0.0698705,0.0605171
spec-56592-GAC102N35V2_sp13-005.fits,4935.67,2.66764,-0.463994,0.0886641
spec-56571-KP194918N413456V02_sp11-231.fits,5075.1,3.79789,-0.46449,0.094796
spec-56780-KP185111N464417V01_sp09-033.fits,4712.53,2.66695,0.352773,0.0288126
spec-56780-KP185111N464417V01_sp15-027.fits,4757.27,2.64357,0.244139,0.0401025
spec-56811-KP190339N395439V02_sp08-102.fits,4710.63,2.62145,-0.183392,0.0728436
spec-56561-KP195920N454621V02_sp08-018.fits,5034.64,3.05987,-0.0336951,0.0431963
spec-56782-HD142943N485343V01_sp04-013.fits,4723.89,2.91251,-0.267816,0.239129
spec-56550-KP194045N483045V02_sp02-075.fits,4442.24,2.05939,-0.0387159,0.0539533
spec-56649-HD121513N165426V_sp10-185.fits,4906.77,2.51401,-0.590879,0.243378
spec-56660-HD121616S031407V01_sp13-145.fits,4591.83,2.32821,-0.50403,0.201746
spec-56780-KP185111N464417V01_sp06-100.fits,4817.87,2.55381,-0.354716,0.236205
spec-56432-KP192102N424113V01_sp10-212.fits,5981.93,3.94569,-0.244037,0.0582427
spec-56096-kepler08B56096_2_sp05-025.fits,5034.64,3.00923,-0.0359521,0.0415373
spec-56424-HD122210N244625B01_sp15-096.fits,4566.52,2.32456,-0.469206,0.233136
spec-56424-HD122210N244625B01_sp15-208.fits,5455.31,3.89079,-0.183207,0.0756527
spec-56807-KP185111N464417V02_sp06-079.fits,4822.06,2.785,0.152366,0.0249241
spec-56561-KP195920N454621V01_sp04-181.fits,5075.9,3.15967,0.0283909,0.0271313
spec-56562-KP192102N424113V02_sp02-203.fits,5252.8,3.75239,-0.0490137,0.053353
spec-56561-KP195920N454621V01_sp02-156.fits,4354.94,1.94807,0.0337004,0.00383807
spec-56582-GAC094N35V1_sp07-239.fits,4865.41,2.75204,0.0311132,0.0640368
spec-56550-KP194045N483045V02_sp07-133.fits,4898.5,2.97079,-0.0894981,0.0743477
spec-56616-VB136N38V1_sp01-232.fits,4792.65,2.87465,0.0709006,0.0490176
spec-56675-HD123204S014620V01_sp04-137.fits,4333.31,1.73707,-0.605868,0.237427
spec-56726-GAC117N54V1_sp04-079.fits,4883.85,3.13469,-0.182712,0.0715008
spec-56641-GAC117N12V1_sp10-152.fits,4847.97,2.66718,-0.198594,0.0821267
spec-56550-KP194045N483045V02_sp08-017.fits,4696.38,2.63684,-0.00877631,0.0292959
spec-56642-VB136N01V2_sp16-062.fits,4385.63,1.92777,-0.0364458,0.0763019
spec-56698-HD151053N291344V_sp11-185.fits,4862.72,2.64756,-0.282635,0.0877654
spec-56807-KP185111N464417V03_sp04-023.fits,4257.07,1.94077,0.261878,0.0671436
spec-56094-kepler05B56094_2_sp05-074.fits,4931.78,3.06979,-0.136289,0.0531821
spec-56591-KP195920N454621V3_sp08-185.fits,4953.21,2.95494,0.277511,0.030173
spec-56094-kepler05B56094_2_sp10-142.fits,5394.02,3.77249,-0.399867,0.0676557
spec-56562-KP192102N424113V02_sp06-031.fits,4560.34,2.34806,-0.110589,0.0468071
spec-56595-HD213801N410452V01_sp09-188.fits,4768.04,2.75033,0.355596,0.0476373
spec-56650-HD102408N334306V01_sp13-024.fits,4765.05,2.90213,-0.41867,0.208763
spec-56807-KP185111N464417V03_sp06-228.fits,4633.0,2.49097,-0.00191435,0.153
spec-56807-KP185111N464417V02_sp15-160.fits,4519.78,2.45515,-0.0447606,0.105336
spec-56581-VB031N50V1_sp01-227.fits,4709.34,2.59327,0.0967083,0.0475922
spec-56807-KP185111N464417V02_sp07-209.fits,5752.71,3.89339,-0.0131796,0.0505857
spec-56811-KP190339N395439V02_sp13-058.fits,4683.42,2.62818,-0.437253,0.238915
spec-56561-KP195920N454621V01_sp04-064.fits,5164.7,3.72618,0.231856,0.0544865
spec-56094-kepler05B56094_sp12-182.fits,4692.29,2.49017,-0.20358,0.208213
spec-56680-HD150818N334223V01_sp02-194.fits,4157.1,1.37495,-0.628764,0.155635
spec-56699-HD145812N264900V_sp09-185.fits,4728.87,2.61244,-0.580239,0.258319
spec-56780-KP185111N464417V01_sp06-239.fits,4683.62,2.54651,0.194578,0.0386462
spec-56798-KP192314N471144V01_sp07-031.fits,4791.76,2.61768,-0.140776,0.0846575
spec-56295-GAC102N27V3_sp09-174.fits,4325.33,1.78349,-0.162461,0.00660402
spec-56432-KP192102N424113V01_sp11-229.fits,4918.03,2.66171,-0.284433,0.0959834
spec-56562-KP192102N424113V02_sp10-235.fits,4961.38,2.92666,0.138235,0.0338562
spec-56561-KP195920N454621V01_sp08-012.fits,4807.41,3.20255,0.169713,0.117641
spec-56561-KP195920N454621V01_sp10-162.fits,4787.47,2.66296,0.156966,0.0314393
spec-56675-HD123204S014620V01_sp04-008.fits,4231.15,1.51124,-0.645871,0.278692
spec-56562-KP192102N424113V02_sp13-215.fits,4690.4,2.70619,-0.296995,0.11394
spec-56432-KP192102N424113V01_sp10-133.fits,4453.0,2.07478,-0.0387251,0.0499861
spec-56432-KP192102N424113V01_sp10-056.fits,4607.08,2.41729,0.0348972,0.0456628
spec-56777-HD141829N034028V01_sp09-112.fits,4840.39,3.24874,0.276525,0.0463293
spec-56798-KP192314N471144V01_sp11-159.fits,4684.62,2.50557,0.142494,0.0255721
spec-56777-VB171N03V1_sp09-033.fits,4679.54,2.69501,-0.397499,0.224586
spec-56811-KP190339N395439V02_sp09-201.fits,4691.5,2.51104,-0.290625,0.092011
spec-56570-KP190808N440210V01_sp11-124.fits,4523.17,2.24279,-0.0347874,0.0701096
spec-56592-HD003103N554209V01_sp11-118.fits,4502.34,2.43234,0.2237,0.0356545
spec-56571-KP194918N413456V01_sp16-154.fits,4648.64,2.34977,-0.0991847,0.0678312
spec-56811-KP190339N395439V02_sp11-105.fits,4571.2,2.39026,0.0836226,0.0392997
spec-56782-HD142943N485343V01_sp16-155.fits,4388.82,1.65883,-0.451005,0.252163
spec-56780-KP185111N464417V01_sp06-237.fits,4379.15,1.67947,-0.699642,0.249502
spec-56626-GAC107N36V1_sp04-183.fits,4904.78,2.58061,-0.308389,0.10017
spec-56571-KP194918N413456V01_sp01-134.fits,5577.0,3.71774,-0.195637,0.0571117
spec-56592-HD003103N554209V01_sp01-153.fits,4858.63,2.66387,0.0447809,0.0403828
spec-56782-HD142943N485343V01_sp09-191.fits,4886.84,3.16446,0.0680283,0.0600977
spec-56570-KP190808N440210V01_sp01-131.fits,4403.27,2.00521,-0.341692,0.188459
spec-56094-kepler05B56094_2_sp16-071.fits,4844.68,2.62202,-0.305257,0.0627825
spec-56570-KP190808N440210V01_sp02-229.fits,4747.61,2.419,-0.136968,0.103902
spec-56807-KP185111N464417V02_sp02-105.fits,4790.86,2.64848,-0.043074,0.0642873
spec-56811-KP190339N395439V01_sp16-247.fits,4874.88,2.84146,0.17633,0.0133511
spec-56798-KP192314N471144V01_sp09-172.fits,4913.55,2.68828,-0.325342,0.0889007
spec-56021-VB3_197N18_V1_sp08-005.fits,4879.96,3.25798,0.155962,0.0446908
spec-56561-KP195920N454621V02_sp01-052.fits,4947.53,2.69478,-0.278325,0.0744927
spec-56741-HD115451S012705V_sp16-041.fits,4796.04,2.56488,-0.257488,0.194853
spec-56678-VB139N57V1_sp06-204.fits,4171.26,1.81702,0.160602,0.0149113
spec-56798-KP192314N471144V01_sp10-121.fits,4852.95,2.61073,-0.0102727,0.0593075
spec-55976-GAC_084N40_V1_sp03-142.fits,4875.67,2.70334,-0.158256,0.0720657
spec-56583-KP195920N454621V03_sp15-163.fits,5028.26,3.03695,0.185869,0.0519724
spec-56436-kepler02_1_sp11-186.fits,4980.12,3.19719,-0.0248108,0.0371886
spec-56432-KP192102N424113V01_sp02-229.fits,4819.96,3.13891,0.0582522,0.0666294
spec-55976-GAC_099N04_V1_sp10-122.fits,5040.02,3.08109,0.132762,0.0145749
spec-56777-VB171N03V2_sp04-213.fits,4795.55,2.871,-0.282176,0.136549
spec-56570-KP190808N440210V01_sp15-154.fits,4927.8,3.09876,-0.111831,0.0591693
spec-56432-KP192102N424113V01_sp15-163.fits,4692.09,2.77177,0.241419,0.0600717
spec-56679-HD090143N355133V01_sp09-230.fits,5391.93,3.85219,-0.677877,0.180001
spec-56094-kepler05B56094_2_sp10-102.fits,4937.17,2.78181,-0.0192905,0.035291
spec-56562-KP192102N424113V02_sp01-215.fits,4823.75,2.74314,-0.0423904,0.0402866
spec-56811-KP190339N395439V01_sp15-107.fits,5073.9,3.68968,0.199194,0.0555274
spec-56811-KP190339N395439V01_sp13-129.fits,4705.25,2.42151,-0.313871,0.243077
spec-56723-HD134348N172427V01_sp15-206.fits,4239.03,1.4468,-0.574214,0.170083
spec-56649-HD121513N165426V_sp10-017.fits,5037.83,3.6533,0.099088,0.0691047
spec-56685-HD132914S012151V01_sp15-065.fits,4631.0,2.76823,-0.111644,0.185955
spec-56094-kepler05B56094_2_sp06-009.fits,4951.92,3.16309,0.00834873,0.0527847
spec-56626-GAC107N36V1_sp04-013.fits,4679.44,2.48595,0.234376,0.0230758
spec-56550-KP194045N483045V02_sp09-196.fits,4886.04,2.89198,-0.2064,0.0973173
spec-56094-kepler05B56094_2_sp05-226.fits,5016.8,2.78089,0.163482,0.0219474
spec-56618-VB057N34V1_sp02-141.fits,4637.08,2.37144,-0.112077,0.028764
spec-56432-KP192102N424113V01_sp15-180.fits,4704.65,2.6365,0.115536,0.0440229
spec-56436-kepler02_1_sp09-024.fits,5723.91,3.90829,-0.234107,0.0314797
spec-56730-HD145243N315530V_sp01-141.fits,4920.42,3.18795,-0.3102,0.102964
spec-56807-KP185111N464417V03_sp08-125.fits,4683.03,2.51891,-0.105325,0.164073
spec-56562-KP192102N424113V02_sp09-140.fits,4856.74,2.77884,0.0649887,0.0366597
spec-56649-HD121513N165426V_sp16-136.fits,4684.52,2.78112,-0.393272,0.229645
spec-56094-kepler05B56094_sp14-169.fits,4770.43,2.56738,0.00321777,0.0422024
spec-56550-KP194045N483045V02_sp07-242.fits,4712.23,2.6389,0.0657338,0.0443053
spec-56807-KP185111N464417V03_sp09-131.fits,4718.01,2.6097,0.00576869,0.0729894
spec-56590-GAC099N59V1_sp02-099.fits,4890.42,2.74383,-0.154636,0.0512933
spec-56595-HD213801N410452V01_sp09-104.fits,4725.78,2.53123,0.30298,0.0226544
spec-56094-kepler05B56094_2_sp13-186.fits,4977.73,3.01391,0.167552,0.0224515
spec-56393-HD103949N392416B01_sp08-180.fits,4745.22,2.50762,0.0224879,0.0575443
spec-56671-HD124702N090350V01_sp11-244.fits,4515.39,2.0871,-0.653875,0.274373
spec-56432-KP192102N424113V01_sp15-206.fits,4670.27,2.47306,0.292486,0.0241017
spec-56094-kepler05B56094_sp13-093.fits,5091.44,3.28673,-0.142892,0.0789143
spec-56432-KP192102N424113V01_sp10-041.fits,4492.27,2.19249,-0.408009,0.250874
spec-56562-KP192102N424113V02_sp09-128.fits,4873.88,2.86073,-0.334655,0.0745184
spec-56562-KP192102N424113V02_sp08-041.fits,5251.3,3.75879,-0.0716938,0.0596131
spec-56432-KP192102N424113V01_sp09-079.fits,5100.51,3.15533,0.179862,0.0362516
spec-56351-GAC108N13V2_sp12-098.fits,4094.42,1.25918,-0.341665,0.0187946
spec-56749-VB139N28V1_sp06-128.fits,4373.77,1.99198,-0.286671,0.122791
spec-56413-HD171108N563933B01_sp16-141.fits,5008.72,3.23289,-0.127686,0.0352677
spec-56798-KP192314N471144V01_sp06-050.fits,4853.55,2.70995,0.0284556,0.0341782
spec-56626-GAC107N36V1_sp04-206.fits,5008.13,2.75763,-0.222819,0.0951869
spec-56436-kepler02_1_sp12-058.fits,4869.69,2.78169,-0.194568,0.086408
spec-56562-KP192102N424113V02_sp10-227.fits,4579.87,2.30974,0.310696,0.0278088
spec-56562-KP192102N424113V02_sp08-120.fits,4810.89,2.61837,0.0937365,0.0369351
spec-56094-kepler05B56094_sp03-011.fits,4720.0,2.65247,-0.0990215,0.0418803
spec-56807-KP185111N464417V02_sp08-130.fits,4655.32,2.45664,-0.255244,0.0775315
spec-56573-KP185031N425443V01_sp07-159.fits,5484.52,3.89059,-0.0148066,0.0638397
spec-56798-KP192314N471144V01_sp09-122.fits,5008.03,2.91217,-0.666775,0.226757
spec-56432-KP192102N424113V01_sp13-066.fits,5067.53,2.95802,0.0647565,0.00530108
spec-56807-KP185111N464417V02_sp04-161.fits,4851.95,3.07481,0.09143,0.0733335
spec-56233-EG025613N082253V01_sp03-088.fits,4707.94,2.46565,0.156239,0.0509731
spec-56680-HD150818N334223V01_sp01-169.fits,4942.55,2.91947,-1.27901,0.245991
spec-56094-kepler05B56094_sp05-169.fits,4741.93,2.63673,-0.290884,0.0712141
spec-56798-KP192314N471144V01_sp04-036.fits,4636.08,2.52393,-0.504422,0.228677
spec-56432-KP192102N424113V01_sp02-102.fits,5103.6,3.7069,0.456403,0.0525993
spec-56780-KP185111N464417V01_sp09-216.fits,4559.04,2.2843,-0.386191,0.224807
spec-56807-KP185111N464417V03_sp15-213.fits,5012.31,3.27178,-0.114447,0.0676303
spec-56661-GAC092N13V1_sp11-045.fits,4929.39,3.11644,-0.259042,0.08631
spec-56550-KP194045N483045V02_sp10-214.fits,4844.78,2.58324,-0.107332,0.0745923
spec-56616-VB136N38V1_sp08-128.fits,4551.67,1.85169,-1.09072,0.18615
spec-56706-GAC118N39V1_sp08-031.fits,4879.86,2.61631,-0.402793,0.105256
spec-56625-GAC113N37V1_sp15-136.fits,4871.29,2.71486,-0.174479,0.0640217
spec-56094-kepler05B56094_sp15-179.fits,4354.94,1.84439,-0.305687,0.167733
spec-56393-HD103949N392416B01_sp09-191.fits,4662.69,2.58016,0.132516,0.110893
spec-56626-GAC107N36V1_sp11-090.fits,4722.89,2.66171,-0.282391,0.0880593
spec-56798-KP192314N471144V01_sp04-068.fits,4883.45,3.42234,0.113666,0.0644387
spec-56780-KP185111N464417V01_sp06-211.fits,4391.71,1.99757,-0.307694,0.110934
spec-56780-KP185111N464417V01_sp09-112.fits,4974.24,2.73961,-0.279341,0.0832577
spec-56679-HD090143N355133V01_sp13-165.fits,4347.36,1.73718,-0.407787,0.130281
spec-56700-GAC071N55V1_sp16-110.fits,4813.78,2.51663,-0.234483,0.0874721
spec-56642-VB136N01V1_sp16-032.fits,4556.45,2.52233,0.412905,0.0555971
spec-56583-KP195920N454621V03_sp15-052.fits,4910.26,2.63103,-0.092905,0.0731794
spec-56616-VB136N38V1_sp02-239.fits,4934.48,2.95574,-0.31781,0.101616
spec-56730-HD145243N315530V_sp04-099.fits,4767.04,2.94924,0.152831,0.0495354
spec-56550-KP194045N483045V02_sp16-158.fits,4646.25,2.51515,-0.489597,0.230892
spec-56653-HD102901N294339V01_sp09-036.fits,4897.1,2.62966,-0.287866,0.171647
spec-56432-KP192102N424113V01_sp09-081.fits,4108.87,1.44167,-0.211363,0.175513
spec-56094-kepler05B56094_sp06-248.fits,4231.75,1.50907,-0.588018,0.0635737
spec-56811-KP190339N395439V02_sp08-245.fits,4824.55,3.02246,-0.125705,0.207712
spec-56807-KP185111N464417V02_sp07-035.fits,5015.0,3.23483,-0.207858,0.0693427
spec-56595-HD213801N410452V01_sp09-009.fits,4768.44,2.87955,0.147859,0.0707395
spec-56562-KP192102N424113V02_sp10-194.fits,4988.69,3.26255,0.192761,0.0321379
spec-56094-kepler05B56094_sp10-103.fits,4947.23,3.26768,-0.148091,0.0652693
spec-56350-GAC089N28V1_sp09-049.fits,5124.73,2.97022,-0.0990534,0.0291918
spec-56609-HD004201N404117V01_sp08-043.fits,4682.83,2.47865,0.166214,0.0195908
spec-56739-HD144825N222355V_sp06-018.fits,4562.33,2.27472,-0.119948,0.145999
spec-56807-KP185111N464417V03_sp04-199.fits,4715.52,2.66479,0.115979,0.0596545
spec-56592-HD003103N554209V01_sp08-219.fits,4224.38,1.38841,-0.400228,0.127692
spec-56561-KP195920N454621V01_sp07-033.fits,4772.52,2.69889,-0.0831055,0.0472691
spec-56798-KP192314N471144V01_sp15-026.fits,4559.24,2.47648,-0.0608576,0.0524813
spec-56230-EG231518N122615V01_sp09-166.fits,4925.9,2.66365,-0.721146,0.261054
spec-56777-HD141829N034028V01_sp15-236.fits,4663.99,2.22944,-0.960812,0.2321
spec-56094-kepler05B56094_2_sp03-056.fits,4714.72,2.47124,0.0653821,0.0442511
spec-56777-HD141829N034028V01_sp15-176.fits,4891.72,3.18624,0.197186,0.0437716
spec-56626-GAC107N36V1_sp04-134.fits,4885.94,2.62145,-0.226386,0.0928685
spec-56582-GAC094N35V1_sp06-074.fits,4928.99,2.72774,-0.214064,0.0303069
spec-56432-KP192102N424113V01_sp13-015.fits,4746.41,2.8718,0.150535,0.0465709
spec-56740-GAC161N43V1_sp09-165.fits,4692.09,2.58392,-0.00196134,0.0575147
spec-56660-HD121616S031407V01_sp09-063.fits,4903.68,2.61141,-0.20742,0.086895
spec-56582-GAC094N35V1_sp07-244.fits,4529.35,2.26856,0.0212158,0.0255139
spec-55955-GAC_103N06_V4_sp03-151.fits,4754.19,2.53157,0.0245651,0.0500509
spec-56561-KP195920N454621V01_sp04-119.fits,4839.6,2.92814,0.0953416,0.024874
spec-56550-KP194045N483045V02_sp15-106.fits,4780.6,2.57719,0.193724,0.0230715
spec-56807-KP185111N464417V02_sp06-007.fits,4829.63,2.71737,-0.000685873,0.0131644
spec-56737-HD102653N171310B01_sp04-213.fits,4613.66,2.30061,-0.591137,0.270348
spec-56570-KP190808N440210V01_sp04-114.fits,4877.87,2.71383,-0.0819929,0.0522661
spec-56573-KP185031N425443V01_sp04-185.fits,4631.0,2.44398,-0.163784,0.0923115
spec-56595-HD213801N410452V01_sp12-235.fits,5023.28,2.99304,0.248402,-0.00504429
spec-56798-KP192314N471144V01_sp04-203.fits,4662.59,2.56248,-0.0284317,0.0789085
spec-56780-KP185111N464417V01_sp15-015.fits,4924.51,2.76413,-0.374253,0.0737891
spec-56730-HD145243N315530V_sp13-075.fits,4795.94,3.03444,0.219606,0.0695199
spec-56811-KP190339N395439V01_sp13-175.fits,4611.67,2.59156,-0.217098,0.219622
spec-56811-KP190339N395439V01_sp16-028.fits,4871.99,2.67813,-0.47689,0.234502
spec-56561-KP195920N454621V01_sp15-073.fits,4597.81,2.39596,0.339642,0.0252809
spec-56768-HD180157N475305V_sp10-024.fits,4319.65,1.6919,-0.203476,0.191064
spec-56094-kepler05B56094_sp15-013.fits,4757.37,2.56602,0.167694,0.0354123
spec-56561-KP195920N454621V02_sp15-074.fits,5145.06,3.56353,-0.109904,0.0637479
spec-56706-GAC097N20V2_sp04-039.fits,4618.64,2.45538,0.118129,0.037403
spec-56424-HD122210N244625B01_sp15-165.fits,4839.0,2.54571,-0.542773,0.248087
spec-56562-KP192102N424113V02_sp07-183.fits,5814.2,3.93539,0.122088,0.0189245
spec-56671-HD110103N000249V01_sp10-185.fits,4863.22,2.82595,-0.372968,0.0883493
spec-56811-KP190339N395439V02_sp08-125.fits,4823.35,2.71953,0.240478,0.00583012
spec-56667-HD104840S015732V_sp09-055.fits,4745.81,2.90499,0.0506851,0.157934
spec-56647-HD114754N322927V_sp15-022.fits,4869.2,3.06227,-0.0962254,0.074237
spec-56096-kepler08B56096_1_sp05-006.fits,4952.71,3.22571,-0.105117,0.058243
spec-56777-VB171N03V1_sp08-034.fits,4887.33,3.33486,-0.130368,0.0785756
spec-56590-GAC066N53V3_sp02-174.fits,4794.05,2.65121,-0.166739,0.0878228
spec-56807-KP185111N464417V02_sp01-120.fits,4926.0,3.09112,-0.21787,0.085125
spec-56094-kepler05B56094_2_sp03-013.fits,4964.57,3.61805,0.273722,0.0474846
spec-56807-KP185111N464417V02_sp09-050.fits,4593.73,2.363,-0.0398905,0.0567113
spec-56798-KP192314N471144V01_sp06-151.fits,4746.61,2.6089,-0.178094,0.183386
spec-56562-KP192102N424113V02_sp12-248.fits,4848.37,2.79093,0.185068,0.0415889
spec-56021-VB3_197N18_V1_sp08-195.fits,4576.79,2.45766,-0.0141275,0.0594222
spec-56094-kepler05B56094_sp03-211.fits,4759.17,2.4815,0.0165648,0.0535796
spec-56798-KP192314N471144V01_sp07-059.fits,4784.18,2.53385,0.0220201,0.0304751
spec-55999-GAC_112N06_V2_sp10-200.fits,4960.39,3.04561,-0.203731,0.0294182
spec-56685-HD132914S012151V01_sp15-228.fits,4308.59,1.74049,-0.76187,0.247093
spec-56680-HD133738N421203V01_sp13-113.fits,5013.41,3.26369,-0.148296,0.028588
spec-56094-kepler05B56094_sp06-090.fits,4738.14,2.54275,0.0750969,0.124899
spec-56432-KP192102N424113V01_sp10-008.fits,4257.66,1.51592,-0.619669,0.274575
spec-56660-HD121616S031407V01_sp16-016.fits,4576.19,2.4271,0.356801,0.00963253
spec-56760-HD160722N214921V01_sp09-049.fits,4349.65,1.77733,-0.61722,0.193935
spec-56432-KP192102N424113V01_sp15-216.fits,4410.95,2.22066,0.158424,0.0544087
spec-56811-KP190339N395439V01_sp13-165.fits,4850.16,3.00205,0.0169995,0.0570272
spec-56432-KP192102N424113V01_sp15-140.fits,4931.49,2.79287,-0.126136,0.0797487
spec-56432-KP192102N424113V01_sp15-220.fits,4998.36,2.99452,0.0081251,0.031317
spec-56660-HD121616S031407V01_sp09-184.fits,4729.97,2.82891,0.039021,0.0617157
spec-56616-VB136N38V1_sp08-109.fits,4901.39,3.21932,0.266922,0.0357677
spec-56562-KP192102N424113V02_sp16-018.fits,4838.9,2.59647,-0.507588,0.232864
spec-56654-HD120800N003716V01_sp10-223.fits,4309.79,1.93119,-0.330954,0.189287
spec-56641-GAC117N12V1_sp02-083.fits,4686.02,2.70995,-0.230199,0.0942472
spec-56807-KP185111N464417V02_sp09-163.fits,4349.75,1.45946,-1.18723,0.247638
spec-56798-KP192314N471144V01_sp13-248.fits,4068.3,1.2277,-0.0648227,0.0267113
spec-56561-KP195920N454621V01_sp02-232.fits,4181.52,1.64024,0.249692,0.0211072
spec-56798-KP192314N471144V01_sp11-078.fits,4721.5,2.67095,0.200572,0.0715072
spec-56385-GAC113N23V1_sp02-068.fits,4878.27,2.82754,-0.209852,0.0690243
spec-56807-KP185111N464417V03_sp04-074.fits,4623.33,2.475,-0.255701,0.213639
spec-56094-kepler05B56094_sp15-108.fits,4958.1,3.02565,0.153102,0.0235829
spec-56653-HD102901N294339V01_sp09-069.fits,4893.61,3.32071,0.0703567,0.0574867
spec-56592-HD003103N554209V01_sp08-148.fits,4759.27,2.44341,-0.266391,0.102655
spec-56780-KP185111N464417V01_sp06-085.fits,4853.35,2.98209,-0.289145,0.0881326
spec-56780-KP185111N464417V01_sp08-218.fits,4187.6,1.61218,-0.29979,0.164811
spec-56351-GAC108N13V1_sp15-186.fits,4964.57,2.85777,-0.0958483,0.0508606
spec-56561-KP195920N454621V01_sp11-014.fits,4143.75,1.48375,-0.0396626,0.018434
spec-56722-HD154740N282810V01_sp06-126.fits,4207.43,1.60169,-0.586759,0.229027
spec-56780-KP185111N464417V01_sp16-145.fits,4741.83,2.69969,-0.0320693,0.0746583
spec-56571-KP194918N413456V01_sp15-079.fits,5025.97,3.4797,0.174741,0.0474112
spec-56583-KP195920N454621V03_sp04-035.fits,4924.81,3.14758,-0.183697,0.0608885
spec-56562-KP192102N424113V02_sp08-008.fits,4589.84,1.34107,-1.8498,0.33891
spec-56561-KP195920N454621V02_sp15-076.fits,4494.86,2.18085,0.174005,0.0256859
spec-56807-KP185111N464417V02_sp07-163.fits,4845.88,2.64357,0.0192399,0.032964
spec-56807-KP185111N464417V02_sp08-073.fits,4708.94,2.6844,0.253994,0.042382
spec-56570-KP190808N440210V01_sp01-060.fits,4784.08,2.57411,0.152828,0.0482193
spec-56723-HD134348N172427V01_sp04-179.fits,4120.93,1.13931,-0.636803,0.206041
spec-56798-KP192314N471144V01_sp15-027.fits,4543.7,2.31053,0.0810109,0.0393243
spec-56550-KP194045N483045V02_sp16-161.fits,4668.97,2.52279,-0.0920245,0.0649194
spec-56723-HD134348N172427V01_sp04-199.fits,4645.55,2.54252,-0.433136,0.201053
spec-56807-KP185111N464417V02_sp09-065.fits,4722.89,2.5318,-0.07725,0.0822043
spec-56435-KP194045N483045V01_sp15-093.fits,4941.15,2.82891,0.132991,0.0357708
spec-56737-HD102653N171310V01_sp04-074.fits,5326.15,3.74609,-0.351767,0.223478
spec-56811-KP190339N395439V01_sp04-128.fits,4811.89,2.83119,-0.0273381,0.036186
spec-56550-KP194045N483045V02_sp13-050.fits,4828.13,2.70208,0.0910771,0.0384276
spec-56650-HD102408N334306V01_sp13-015.fits,4528.55,2.34315,-0.468484,0.232742
spec-56561-KP195920N454621V01_sp11-095.fits,5014.9,3.1096,0.305657,0.0318279
spec-56780-KP185111N464417V01_sp15-073.fits,4407.16,1.69327,-0.954696,0.310998
spec-56592-HD003103N554209V01_sp01-103.fits,4855.54,2.64289,-0.120504,0.0633611
spec-56573-KP185031N425443V01_sp09-221.fits,3959.77,0.829995,-0.630373,0.159282
spec-56094-kepler05B56094_2_sp03-094.fits,4816.97,2.94171,-0.110146,0.0750676
spec-56094-kepler05B56094_2_sp05-118.fits,5038.52,3.0171,0.103687,0.0185044
spec-56777-HD141829N034028V01_sp15-103.fits,4832.32,3.01881,-0.449143,0.24928
spec-56296-GAC096N02V1_sp09-203.fits,4917.23,3.29471,0.0728455,0.0748551
spec-56591-KP195920N454621V3_sp16-065.fits,4878.17,2.67585,-0.00711926,0.0551055
spec-56616-VB136N38V1_sp08-147.fits,4584.96,2.36323,-0.285462,0.0801434
spec-56562-KP192102N424113V02_sp12-112.fits,4734.15,2.48891,0.0526415,0.0272041
spec-56581-VB031N50V1_sp01-152.fits,4792.36,2.75455,-0.056703,0.0477213
spec-56667-GAC094N35V4_sp01-195.fits,4587.85,2.17835,-0.285761,0.0623094
spec-56730-HD145243N315530V_sp06-093.fits,4909.56,3.09089,-0.349234,0.111406
spec-56649-HD121513N165426V_sp16-084.fits,5535.84,3.6387,-0.317397,0.0950417
spec-56583-KP195920N454621V03_sp04-170.fits,4719.6,2.64471,0.171296,0.0395141
spec-56768-HD180157N475305V_sp10-011.fits,4677.94,2.47454,0.222953,0.0303349
spec-56775-VB190N40V1_sp13-110.fits,4781.29,2.53853,-0.328387,0.208239
spec-56654-HD120800N003716V01_sp02-096.fits,4877.87,2.73653,0.0732481,0.0184921
spec-56571-KP194918N413456V01_sp01-246.fits,4681.83,2.5172,0.235449,0.00754247
spec-56573-KP185031N425443V01_sp04-201.fits,4837.7,2.59978,-0.0652205,0.0569969
spec-56592-HD003103N554209V01_sp09-025.fits,4950.82,2.89529,-0.0202632,0.0207679
spec-56798-KP192314N471144V01_sp09-072.fits,5371.1,3.77509,-0.167397,0.0702637
spec-56678-HD131249N423736V01_sp10-073.fits,4853.95,3.09044,-0.383472,0.188696
spec-56562-KP192102N424113V02_sp07-075.fits,4871.79,2.65452,-0.0846515,0.0346367
spec-56436-kepler02_1_sp16-104.fits,4862.32,3.14883,0.114579,0.0521002
spec-56432-KP192102N424113V01_sp06-052.fits,4126.01,1.41053,-0.301561,0.0668635
spec-56807-KP185111N464417V02_sp09-162.fits,4655.12,2.63262,0.0619631,0.0575769
spec-56094-kepler05B56094_sp14-107.fits,5117.66,2.91776,-0.109536,0.0680533
spec-56595-HD213801N410452V01_sp12-173.fits,4737.94,2.92586,0.276475,0.0390963
spec-56561-KP195920N454621V01_sp04-104.fits,4882.65,3.00033,0.147272,0.0360483
spec-56094-kepler05B56094_sp13-095.fits,5049.19,3.07972,0.08177,0.0356433
spec-56647-HD114754N322927V_sp15-204.fits,4635.19,2.52302,0.0768501,0.0531639
spec-56798-KP192314N471144V01_sp04-162.fits,4562.83,2.42687,-0.22982,0.172303
spec-56807-KP185111N464417V03_sp06-085.fits,4776.21,2.587,-0.0766317,0.0759705
spec-56811-KP190339N395439V01_sp16-137.fits,4587.75,2.60993,-0.0416696,0.151912
spec-56583-GAC093N22V1_sp02-085.fits,4992.98,3.33679,0.0404972,0.0679341
spec-56094-kepler05B56094_2_sp03-049.fits,4944.84,3.09181,-0.162234,0.0560722
spec-56649-HD095221N375452V_sp10-057.fits,5522.09,3.91539,-0.0134566,0.0316397
spec-56807-KP185111N464417V02_sp15-092.fits,4782.89,3.18544,0.335841,0.0490847
spec-56561-KP195920N454621V02_sp01-055.fits,4693.19,2.79526,0.37634,0.0289285
spec-56550-KP194045N483045V02_sp07-074.fits,4636.88,2.4685,0.364092,0.0248564
spec-56741-GAC115N15V1_sp15-094.fits,4852.25,2.75443,-0.0353384,0.0615789
spec-56811-KP190339N395439V01_sp04-135.fits,4442.34,2.19009,-0.184042,0.0800591
spec-56780-KP185111N464417V01_sp04-138.fits,4565.22,2.50591,0.00599326,0.13933
spec-56807-KP185111N464417V03_sp09-117.fits,4995.87,2.75717,0.0826467,0.0291322
spec-56626-GAC107N36V1_sp11-249.fits,4815.18,2.80393,-0.331215,0.133739
spec-56685-HD132914S012151V01_sp04-167.fits,4835.01,2.64414,-0.156984,0.0698974
spec-56798-KP192314N471144V01_sp08-136.fits,4439.35,2.14835,-0.177618,0.0936192
spec-56094-kepler05B56094_2_sp05-076.fits,4731.66,2.57286,0.0203861,0.0338592
spec-56582-GAC094N35V1_sp07-050.fits,4866.7,2.98802,0.0201826,0.0463131
spec-56698-HD151053N291344V_sp01-223.fits,4786.08,3.01345,-0.248022,0.188433
spec-56626-GAC107N36V1_sp15-229.fits,4893.91,2.94297,-0.659833,0.0826331
spec-56811-KP190339N395439V02_sp08-195.fits,4875.38,2.75113,0.185298,0.016878
spec-56094-kepler05B56094_sp14-207.fits,4723.19,2.59909,0.0698146,0.0445647
spec-56094-kepler05B56094_2_sp06-163.fits,4841.79,2.69843,-0.0404036,0.0561575
spec-56723-HD134348N172427V01_sp16-136.fits,4985.3,3.3766,-0.298267,0.0823949
spec-56626-GAC107N36V1_sp04-189.fits,4882.85,3.02429,0.257773,0.0261529
spec-56661-GAC092N13V1_sp10-104.fits,5093.84,2.78432,-0.171489,0.0189121
spec-56649-HD121513N165426V_sp16-077.fits,5231.57,3.86269,0.24876,0.0947417
spec-56661-GAC092N13V1_sp16-169.fits,5093.04,2.83188,-0.262464,0.062957
spec-56433-HD162945N351206B_sp13-205.fits,4729.87,2.86085,-0.337864,0.235267
spec-56230-EG222106N010205V01_sp02-034.fits,4876.17,2.96407,-0.240008,0.0696896
spec-56706-GAC118N39V1_sp09-055.fits,4399.29,1.9175,-0.0145588,0.0487847
spec-56571-KP194918N413456V02_sp15-057.fits,4830.83,2.6308,-0.196426,0.070045
spec-56642-HD114322N280318V_sp04-098.fits,4905.97,3.48849,-0.110823,0.122415
spec-56626-GAC107N36V1_sp16-142.fits,4121.03,1.59005,0.0631024,-0.00350973
spec-56562-KP192102N424113V02_sp09-110.fits,4570.9,2.57024,-0.119642,0.178919
spec-56561-KP195920N454621V01_sp08-004.fits,4691.1,2.67038,0.0307883,0.0741658
spec-56562-KP192102N424113V02_sp12-024.fits,5118.85,3.1583,0.0474181,0.0302359
spec-56616-VB136N38V2_sp04-124.fits,4999.75,3.2898,-0.173914,0.0668491
spec-56660-HD121616S031407V01_sp13-079.fits,4433.17,1.51261,-1.2729,0.316717
spec-56083-IF04_B56083_sp13-077.fits,5367.61,3.78979,-0.147067,0.0415397
spec-56616-VB136N38V1_sp04-190.fits,4659.9,2.73733,0.198831,0.037501
spec-56671-HD110103N000249V01_sp04-142.fits,3961.96,0.0501529,-1.27297,0.184203
spec-56592-HD003103N554209V01_sp11-002.fits,4783.69,2.60628,0.343415,-0.0023898
spec-56550-KP194045N483045V02_sp07-059.fits,4861.42,2.9351,0.0874488,0.056027
spec-56573-KP185031N425443V01_sp04-049.fits,4858.93,3.34409,0.377144,0.0376161
spec-56807-KP185111N464417V03_sp15-229.fits,4647.05,2.2291,0.0464808,0.0669335
spec-56432-KP192102N424113V01_sp15-061.fits,4795.94,3.06147,0.216566,0.0598839
spec-56561-KP195920N454621V01_sp04-173.fits,4977.43,2.94239,-0.159804,0.0450641
spec-56617-VB081S05V2_sp06-120.fits,5051.58,3.55167,0.0734619,0.0525044
spec-56550-KP194045N483045V02_sp08-244.fits,4869.59,2.83461,0.178347,0.0237672
spec-56780-KP185111N464417V01_sp09-186.fits,4738.14,2.51481,-0.300864,0.114439
spec-56777-VB171N03V1_sp13-058.fits,5021.58,3.60209,0.135048,0.0545592
spec-56807-KP185111N464417V03_sp04-108.fits,4786.67,3.01425,0.176801,0.0675359
spec-56768-HD180157N475305V_sp10-215.fits,4742.72,2.46667,0.0440685,0.0567535
spec-56581-VB031N50V1_sp04-199.fits,4250.39,1.57557,-0.290873,0.0448104
spec-56768-HD180157N475305V_sp10-177.fits,4667.28,2.55256,0.23527,0.0416848
spec-56780-KP185111N464417V01_sp08-127.fits,4610.97,2.65737,0.143193,0.0883118
spec-56647-HD114754N322927V_sp11-095.fits,4502.04,2.04513,-0.420437,0.129218
spec-56571-KP194918N413456V02_sp09-202.fits,5084.27,3.35892,-0.0309416,0.0602041
spec-56595-HD213801N410452V01_sp12-114.fits,4955.31,2.99087,0.136317,0.0225847
spec-56296-GAC096N02V1_sp06-112.fits,4972.15,2.89153,-0.0552427,0.044687
spec-56432-KP192102N424113V01_sp15-194.fits,4629.51,2.42402,0.125173,0.0305626
spec-56730-HD145243N315530V_sp13-023.fits,4637.78,2.6008,-0.365088,0.206075
spec-56595-HD213801N410452V01_sp04-207.fits,4899.1,2.62806,-0.340545,0.109762
spec-56811-KP190339N395439V01_sp06-020.fits,4635.59,2.44729,-0.0534817,0.108553
spec-56670-GAC084N44V1_sp15-040.fits,4357.23,1.61161,-0.310699,0.0959473
spec-56561-KP195920N454621V01_sp10-201.fits,4968.76,3.2273,-0.141826,0.059579
spec-56561-KP195920N454621V02_sp07-113.fits,5032.25,2.89267,0.16108,0.00104623
spec-56679-HD090143N355133V01_sp04-204.fits,4789.57,2.48298,-0.577698,0.269131
spec-56096-kepler08B56096_2_sp06-206.fits,4851.76,2.69741,0.0410269,0.0486929
spec-55940-GAC_103N06_V1_sp15-052.fits,4788.27,2.59168,-0.33171,0.202655
spec-56424-HD153055N404958B01_sp12-137.fits,4603.59,2.3914,0.244893,0.02764
spec-56807-KP185111N464417V02_sp08-161.fits,4649.04,2.73162,-0.169702,0.18014
spec-56811-KP190339N395439V02_sp08-149.fits,4588.15,2.6722,0.366996,0.0308718
spec-56550-KP194045N483045V02_sp11-044.fits,4791.46,2.68623,-0.00626081,0.0609031
spec-56550-KP194045N483045V02_sp04-209.fits,4579.77,2.38341,0.239131,0.047026
spec-56550-KP194045N483045V02_sp08-150.fits,4682.73,2.6357,0.277768,0.036402
spec-56699-HD145812N264900V_sp09-241.fits,4717.61,2.53408,-0.0492553,0.0896862
spec-56094-kepler05B56094_sp03-225.fits,4731.26,2.95312,0.072077,0.115076
spec-56739-HD144825N222355V_sp06-108.fits,4385.73,1.97909,-0.438056,0.209477
spec-56432-KP192102N424113V01_sp06-211.fits,4919.23,2.65715,-0.200527,0.094963
spec-56583-GAC093N22V2_sp13-234.fits,4831.82,2.57035,-0.292311,0.076667
spec-56550-KP194045N483045V02_sp10-024.fits,5060.85,3.36268,-0.0989014,0.0600623
spec-56561-KP195920N454621V01_sp02-011.fits,4787.87,2.57046,0.172478,0.0248515
spec-56699-HD145812N264900V_sp08-055.fits,4838.9,2.15029,-1.37207,0.140464
spec-56616-VB136N38V1_sp02-245.fits,4782.89,2.78865,0.240801,0.0138466
spec-56432-KP192102N424113V01_sp12-154.fits,4878.96,2.75284,-0.026796,0.0474439
spec-56723-HD134348N172427V01_sp04-124.fits,4857.04,2.61255,-0.453871,0.226973
spec-56798-KP192314N471144V01_sp09-013.fits,5808.72,3.59741,-0.264787,0.129151
spec-56807-KP185111N464417V03_sp06-225.fits,4620.44,2.47101,-0.0349511,0.177328
spec-56550-KP194045N483045V02_sp09-085.fits,4658.31,2.71075,0.144122,0.0626903
spec-56432-KP192102N424113V01_sp13-213.fits,4355.73,1.95069,-0.397602,0.202005
spec-56205-EG222332S021805L06_sp10-215.fits,4689.4,2.53009,0.213299,0.0481383
spec-56435-KP194045N483045V01_sp11-126.fits,4871.59,2.72421,-0.522363,0.184611
spec-56626-GAC107N36V1_sp04-175.fits,4778.4,2.60913,0.0538491,0.032075
spec-56670-GAC084N44V2_sp09-113.fits,4856.74,2.68064,-0.107177,0.0448367
spec-56561-KP195920N454621V01_sp08-132.fits,5007.63,3.05063,-0.0623331,0.0128475
spec-56435-KP194045N483045V01_sp15-079.fits,4721.5,2.48629,0.0552315,0.0647802
spec-56777-VB171N03V1_sp08-045.fits,5076.4,2.48538,-1.03798,0.263834
spec-56573-KP185031N425443V01_sp04-045.fits,4486.79,2.27369,0.141736,0.0332005
spec-56561-KP195920N454621V02_sp07-040.fits,4636.98,2.48515,0.167448,0.0224142
spec-56780-KP185111N464417V01_sp06-248.fits,4845.28,2.62122,-0.252894,0.109683
spec-56424-HD122210N244625B01_sp15-163.fits,4904.28,3.04755,-0.264357,0.0859398
spec-56780-KP185111N464417V01_sp04-101.fits,4997.76,2.71463,-0.0447451,0.0798412
spec-56807-KP185111N464417V03_sp04-235.fits,4849.06,2.91822,-0.148564,0.0837675
spec-56649-HD095221N375452V_sp10-087.fits,4899.79,3.49328,0.0288838,0.07168
spec-56680-GAC107N36B1_sp04-182.fits,4879.16,2.63376,-0.355732,0.126803
spec-56561-KP195920N454621V02_sp15-173.fits,4610.47,2.60365,-0.348945,0.265469
spec-56780-KP185111N464417V01_sp04-220.fits,4822.75,3.83149,-0.185595,0.0148923
spec-56094-kepler05B56094_sp14-008.fits,4955.31,2.70254,-0.191003,0.0462147
spec-56798-KP192314N471144V01_sp10-224.fits,5032.54,3.20175,0.00772364,0.0846356
spec-56573-KP185031N425443V01_sp09-161.fits,4895.71,2.62247,-0.387533,0.103138
spec-56723-HD134348N172427V01_sp09-012.fits,5022.68,2.68087,-0.648841,0.271288
spec-56233-EG025613N082253V01_sp10-207.fits,4068.6,0.977239,-0.774489,0.187714
spec-56811-KP190339N395439V02_sp08-045.fits,4669.47,2.58655,0.186522,0.0251233
spec-56573-KP185031N425443V01_sp08-141.fits,5027.06,3.05759,0.102387,0.020461
spec-56435-KP194045N483045V01_sp09-055.fits,4908.06,3.33189,0.370043,0.064262
spec-56807-KP185111N464417V02_sp15-222.fits,4790.86,2.79926,-0.117686,0.0752883
spec-56550-KP194045N483045V02_sp02-018.fits,4663.39,2.66673,0.145855,0.0524838
spec-56582-VB012N41V2_sp10-061.fits,4669.57,2.48823,0.226168,0.0483421
spec-56777-VB171N03V1_sp15-142.fits,4500.74,2.21724,-0.179029,0.0745908
spec-56550-KP194045N483045V02_sp16-150.fits,4772.22,2.8394,-0.646161,0.264955
spec-56726-GAC117N54V1_sp08-019.fits,4847.97,2.89643,-0.243954,0.0871087
spec-56777-VB171N03V2_sp04-205.fits,4789.67,2.52986,-0.242002,0.223414
spec-56570-KP190808N440210V01_sp15-194.fits,4838.6,3.1023,0.0950073,0.046096
spec-56424-HD122210N244625B01_sp09-151.fits,4870.39,3.3742,-0.661089,0.238238
spec-56550-KP194045N483045V02_sp11-039.fits,4501.34,2.57275,0.363324,0.0473806
spec-56562-KP192102N424113V02_sp12-179.fits,4722.19,2.66308,0.29665,0.0250207
spec-56780-KP185111N464417V01_sp04-051.fits,4668.38,2.5107,0.136551,0.0494836
spec-56780-KP185111N464417V01_sp15-241.fits,5039.42,2.6438,-0.564901,0.199887
spec-56780-KP185111N464417V01_sp08-059.fits,4792.06,2.65384,-0.16239,0.111011
spec-56094-kepler05B56094_sp06-064.fits,4839.6,2.80074,0.0751126,0.0165687
spec-56573-KP185031N425443V01_sp04-140.fits,4911.65,3.1145,-0.245297,0.0933696
spec-56571-KP194918N413456V01_sp09-017.fits,5090.05,3.02508,-0.0273986,0.0286702
spec-56730-HD145243N315530V_sp13-017.fits,5020.38,3.17529,-0.205949,0.0799457
spec-56562-KP192102N424113V02_sp01-217.fits,4858.73,2.74565,0.353473,0.00624526
spec-56432-KP192102N424113V01_sp02-246.fits,4093.62,1.43802,-0.48577,0.222955
spec-56807-KP185111N464417V02_sp07-116.fits,4644.16,2.48481,0.120946,0.0485234
spec-56780-KP185111N464417V01_sp06-234.fits,4201.45,1.53154,-0.362811,0.0833001
spec-56550-KP194045N483045V02_sp02-133.fits,4621.23,2.52872,-0.0320188,0.149301
spec-56550-KP194045N483045V02_sp08-213.fits,4774.02,2.54263,0.166439,0.031441
spec-56591-KP195920N454621V3_sp15-084.fits,4907.57,2.77017,0.127196,0.04296
spec-56550-KP194045N483045V02_sp07-095.fits,4893.02,3.13868,-0.0328555,0.047576
spec-56807-KP185111N464417V02_sp04-052.fits,4626.72,2.61894,0.105668,0.0589754
spec-56561-KP195920N454621V02_sp01-058.fits,4622.53,2.47112,0.154165,0.043994
spec-56811-KP190339N395439V01_sp07-062.fits,4705.55,2.45892,0.151236,0.01785
spec-56650-HD102408N334306V01_sp09-098.fits,4723.19,2.56476,-0.111774,0.121
spec-56550-KP194045N483045V02_sp07-104.fits,4997.36,2.94182,0.0723047,0.0500371
spec-56675-HD123204S014620V01_sp10-223.fits,4523.56,2.35638,-0.220281,0.210442
spec-56798-KP192314N471144V01_sp09-116.fits,4680.24,2.45025,-0.32726,0.114055
spec-56230-EG231518N122615V01_sp09-216.fits,4648.04,2.66114,-0.0753378,0.0726264
spec-56616-VB136N38V1_sp10-155.fits,4410.35,2.1585,-0.331559,0.188377
spec-56698-HD151053N291344V_sp02-233.fits,5683.34,3.88529,-0.183317,0.0423887
spec-56550-KP194045N483045V02_sp02-019.fits,4845.78,2.74303,-0.0943662,0.0594482
spec-56807-KP185111N464417V03_sp08-087.fits,4854.35,2.71577,-0.16923,0.0897626
spec-56798-KP192314N471144V01_sp06-229.fits,4786.48,2.68783,-0.27712,0.0802494
spec-56432-KP192102N424113V01_sp12-009.fits,4632.4,2.48116,0.0192411,0.118814
spec-56680-HD133738N421203V01_sp01-201.fits,4748.8,3.13378,0.381238,0.0349039
spec-56660-HD121616S031407V01_sp13-042.fits,4538.22,2.26081,-0.227098,0.0900146
spec-56550-KP194045N483045V02_sp10-229.fits,4382.84,1.83995,0.0115602,0.0642746
spec-56561-KP195920N454621V02_sp04-227.fits,4636.38,2.56351,-0.107505,0.0656725
spec-56777-VB171N03V1_sp04-052.fits,4724.78,2.86963,-0.102106,0.207574
spec-56432-KP192102N424113V01_sp09-100.fits,4258.96,1.7625,0.07004,0.0243247
spec-56726-HD124814N133310V_sp04-176.fits,4308.59,0.915992,-1.72612,0.166174
spec-56811-KP190339N395439V02_sp04-071.fits,4745.71,3.11085,0.278797,0.0942663
spec-56550-KP194045N483045V02_sp10-100.fits,4843.18,2.54731,-0.15453,0.0804186
spec-56807-KP185111N464417V02_sp08-054.fits,4882.85,2.36266,-1.46013,0.219437
spec-56550-KP194045N483045V02_sp16-107.fits,4787.47,2.70493,-0.393654,0.0832183
spec-56550-KP194045N483045V02_sp09-173.fits,5043.01,2.75979,-0.362372,0.113958
spec-56658-GAC067N27B1_sp13-218.fits,4923.11,2.61038,-0.220281,0.137706
spec-56550-KP194045N483045V02_sp09-093.fits,4791.16,2.63262,0.0299536,0.0328447
spec-56769-VB194N28V1_sp10-085.fits,5608.8,3.92019,-0.780387,0.0706917
spec-56777-VB171N03V1_sp09-012.fits,5075.3,2.81192,-0.304819,0.0844016
spec-56561-KP195920N454621V02_sp15-096.fits,4789.37,2.73242,-0.160149,0.0733264
spec-56432-KP192102N424113V01_sp10-247.fits,4683.32,2.59578,-0.156678,0.154372
spec-56571-KP194918N413456V01_sp02-212.fits,5302.33,3.83479,0.16486,0.043898
spec-56798-KP192314N471144V01_sp10-203.fits,4878.76,3.06774,-0.177024,0.0692843
spec-56562-KP192102N424113V02_sp01-131.fits,4931.88,2.80735,-0.164604,0.0637389
spec-56550-KP194045N483045V02_sp02-009.fits,4693.59,2.44192,-0.459998,0.0976216
spec-56807-KP185111N464417V03_sp04-195.fits,4774.32,2.78831,0.244115,0.0671304
spec-56561-KP195920N454621V02_sp08-155.fits,4883.25,2.69524,-0.220755,0.0901651
spec-56780-KP185111N464417V01_sp06-008.fits,4699.07,2.84636,0.298126,0.0472184
spec-56013-F5601307_sp03-066.fits,4843.38,2.59875,-0.546669,0.22855
spec-56432-KP192102N424113V01_sp09-172.fits,4986.4,3.12169,-0.254246,0.101526
spec-56660-HD121616S031407V01_sp09-234.fits,3939.64,0.876871,-0.358692,0.107447
spec-56562-KP192102N424113V02_sp11-082.fits,5246.22,3.90109,-0.190016,0.142667
spec-56570-KP190808N440210V01_sp01-127.fits,4793.35,2.64448,0.0254603,0.0437382
spec-56561-KP195920N454621V01_sp08-178.fits,4421.61,1.81508,-0.0667996,0.0483778
spec-56680-HD150818N334223V01_sp11-108.fits,4370.58,1.9167,-0.364688,0.187952
spec-56698-HD151053N291344V_sp11-103.fits,4572.3,2.50089,0.315925,0.0614994
spec-56550-KP194045N483045V02_sp15-099.fits,4796.74,2.49633,0.0741355,0.0445472
spec-56647-HD114754N322927V_sp11-244.fits,4479.41,2.19237,-0.566243,0.244064
spec-56432-KP192102N424113V01_sp09-047.fits,4690.9,2.61472,0.203062,0.0330772
spec-56610-GAC094N35V2_sp07-029.fits,5080.78,3.68523,0.410536,0.0729253
spec-56094-kepler05B56094_2_sp01-052.fits,4853.65,2.82138,-0.569479,0.221628
spec-56432-KP192102N424113V01_sp09-085.fits,5063.94,2.95357,-0.15104,0.078126
spec-56777-VB171N03V1_sp06-195.fits,5022.98,3.00284,-0.0626857,0.00365131
spec-56595-HD213801N410452V01_sp09-073.fits,4888.83,2.68919,-0.096545,0.0656156
spec-56807-KP185111N464417V03_sp08-140.fits,4522.17,2.36893,0.248601,0.0401037
spec-56432-KP192102N424113V01_sp10-072.fits,4582.27,2.5269,0.197479,0.0587249
spec-56562-KP192102N424113V02_sp06-028.fits,4815.38,2.66524,0.108897,0.00588066
spec-56094-kepler05B56094_sp13-100.fits,5301.43,3.66493,-0.36988,0.247365
spec-56769-VB194N28V2_sp02-069.fits,4589.04,2.39436,0.106035,0.121188
spec-56723-HD134348N172427B01_sp04-235.fits,5287.18,2.60605,-0.947681,0.175465
spec-56737-HD102653N171310V01_sp08-234.fits,5543.62,3.88579,-0.155327,0.0477137
spec-56649-HD095221N375452V_sp10-190.fits,4657.71,2.43508,0.150279,0.00961403
spec-56798-KP192314N471144V01_sp06-181.fits,4812.19,2.68155,0.0858635,0.0370984
spec-56094-kepler05B56094_sp01-090.fits,4798.83,2.47854,-0.114183,0.0527349
spec-56571-KP194918N413456V02_sp11-077.fits,4945.24,2.90556,0.113507,0.0186415
spec-56595-HD213801N410452V01_sp12-058.fits,5052.68,3.18214,0.0643017,0.0188342
spec-56432-KP192102N424113V01_sp09-006.fits,4115.54,1.24185,-0.291992,0.0644891
spec-56698-HD151053N291344V_sp15-095.fits,4835.81,3.0544,0.11772,0.0457638
spec-56432-KP192102N424113V01_sp15-165.fits,4031.83,1.0824,-0.0381599,0.0214775
spec-56084-VB3_227N26_V1_sp14-063.fits,4600.01,2.47078,0.374064,0.0163754
spec-56811-KP190339N395439V02_sp09-202.fits,4940.46,2.74086,-0.330928,0.0739953
spec-56094-kepler05B56094_2_sp03-101.fits,4666.08,2.50762,0.198654,0.0174593
spec-56096-kepler08B56096_2_sp03-165.fits,5076.2,3.15762,0.138621,0.0218929
spec-56611-GAC108N21V2_sp13-165.fits,4717.41,2.54936,-0.336925,0.0805746
spec-56096-kepler08B56096_2_sp03-037.fits,4530.84,2.53511,0.353483,0.0472668
spec-56648-HD110552N521936V_sp09-234.fits,4657.41,2.87875,0.353282,0.0407822
spec-56811-KP190339N395439V02_sp04-089.fits,4961.38,3.32687,0.0803586,0.0464302
spec-56562-KP192102N424113V02_sp08-063.fits,5092.04,3.08371,-0.00355088,0.00613019
spec-56780-KP185111N464417V01_sp07-119.fits,4672.76,2.42596,-0.0969951,0.196516
spec-56811-KP190339N395439V02_sp15-066.fits,4765.55,2.85788,0.176268,0.0472195
spec-56582-GAC094N35V1_sp01-075.fits,4702.26,2.71714,0.0348273,0.0540878
spec-56302-HD125839S025413B01_sp06-229.fits,4757.47,2.6714,-0.0899933,0.0492451
spec-56570-KP190808N440210V01_sp15-112.fits,4893.22,3.06751,-0.190681,0.105951
spec-56780-KP185111N464417V01_sp04-018.fits,4933.18,2.68429,-0.318052,0.214368
spec-56094-kepler05B56094_sp12-078.fits,5057.16,3.2906,-0.242276,0.0497189
spec-56780-KP185111N464417V01_sp06-081.fits,4088.24,1.30207,-0.121497,0.113554
spec-56780-KP185111N464417V01_sp04-193.fits,4613.26,2.62179,0.3098,0.0585671
spec-56571-KP194918N413456V01_sp08-084.fits,5055.96,3.00798,0.131977,0.0266104
spec-56435-KP194045N483045V01_sp15-038.fits,4451.41,2.08904,0.178461,0.00542109
spec-56798-VB198N38V1_sp06-116.fits,4817.47,3.05953,0.0976989,0.0680355
spec-56730-HD145243N315530V_sp06-025.fits,4881.75,3.13423,-0.394798,0.201466
spec-56562-KP192102N424113V02_sp09-068.fits,4865.11,2.90293,-0.0640394,0.0692534
spec-56777-VB171N03V1_sp09-039.fits,4807.41,2.65007,-0.155837,0.0905163
spec-56550-KP194045N483045V02_sp04-030.fits,4658.71,2.73254,0.292094,0.0631065
spec-56811-KP190339N395439V01_sp13-002.fits,4644.85,2.61859,-0.069286,0.089406
spec-56739-HD144825N222355V_sp13-037.fits,4918.13,3.19731,-0.487468,0.161296
spec-55954-GAC_089N11_V1_sp03-176.fits,4890.42,2.70128,0.226174,0.00793218
spec-56592-HD003103N554209V01_sp07-162.fits,4641.17,2.32787,0.0361662,0.0421926
spec-56561-KP195920N454621V01_sp08-163.fits,4833.52,2.64585,-0.110207,0.0545165
spec-56767-HD160238N263643V01_sp11-013.fits,4817.67,3.19343,0.189953,0.0610681
spec-56780-KP185111N464417V01_sp04-122.fits,4077.67,1.42547,-0.109894,0.116868
spec-56570-KP190808N440210V01_sp01-171.fits,5133.7,3.65866,-0.273175,0.208021
spec-56780-KP185111N464417V01_sp15-222.fits,4841.39,2.6349,-0.26119,0.0563103
spec-56096-kepler08B56096_2_sp13-175.fits,5206.46,3.62569,0.104982,0.0400225
spec-56739-HD144825N222355V_sp13-096.fits,4540.21,2.24005,-0.693027,0.244699
spec-56083-IF04_B56083_sp08-035.fits,5262.57,3.19674,0.146472,-0.00370709
spec-56550-KP194045N483045V02_sp10-238.fits,4861.22,2.97787,-0.00240223,-0.00156167
spec-56094-kepler05B56094_2_sp06-141.fits,4933.68,2.76949,0.0641968,0.0297252
spec-56550-KP194045N483045V02_sp04-087.fits,4449.62,2.03532,0.0143627,-0.00311778
spec-56730-HD145243N315530V_sp08-034.fits,4839.6,3.2013,-0.235659,0.216474
spec-56798-KP192314N471144V01_sp11-064.fits,5137.39,3.61235,0.123301,0.0651597
spec-56616-VB136N38V2_sp02-118.fits,4875.47,3.27007,0.159803,0.0679761
spec-56807-KP185111N464417V03_sp07-202.fits,4746.61,2.7793,0.287156,0.0320175
spec-56798-KP192314N471144V01_sp08-149.fits,5027.06,2.90362,-0.0765878,0.0771009
spec-56094-kepler05B56094_2_sp16-213.fits,5082.77,3.1526,0.0334682,0.0197106
spec-56094-kepler05B56094_sp05-245.fits,4940.06,3.3133,-0.35662,0.0899881
spec-56811-KP190339N395439V02_sp15-140.fits,5014.11,3.07082,0.163373,0.00587968
spec-56561-KP195920N454621V01_sp02-233.fits,4945.04,3.33075,0.225667,0.0643498
spec-56780-KP185111N464417V01_sp06-195.fits,4973.24,3.13617,-0.147137,0.0673207
spec-56561-KP195920N454621V01_sp02-002.fits,4755.18,2.51903,0.0734864,0.0575718
spec-56698-HD151053N291344V_sp15-173.fits,4652.83,1.96974,-1.2556,0.226047
spec-56582-GAC094N35V1_sp01-107.fits,5029.85,2.92973,-0.0781528,0.0376562
spec-56798-KP192314N471144V01_sp15-106.fits,5464.78,3.92389,-0.332687,0.0605467
spec-56550-KP194045N483045V02_sp10-014.fits,5246.62,3.76009,-0.248844,0.0974727
spec-56432-KP192102N424113V01_sp06-036.fits,4809.5,2.90134,0.131089,0.02586
spec-56295-GAC102N27V3_sp09-054.fits,4714.32,2.67231,-0.160407,0.052074
spec-56094-kepler05B56094_sp06-147.fits,4427.39,1.92252,-0.0897486,0.0300518
spec-56760-HD160722N214921V01_sp09-173.fits,4830.53,2.97251,0.000183937,0.12452
spec-56807-KP185111N464417V03_sp15-043.fits,5053.37,3.34352,-0.166967,0.0905567
spec-56798-KP192314N471144V01_sp13-244.fits,4774.52,2.63365,0.0811062,0.021693
spec-56570-KP190808N440210V01_sp15-208.fits,4772.42,2.7128,-0.22273,0.0768613
spec-56798-KP192314N471144V01_sp15-107.fits,5017.69,3.01927,0.0220177,0.0260882
spec-56432-KP192102N424113V01_sp16-096.fits,4845.38,2.60422,-0.450638,0.265446
spec-56550-KP194045N483045V02_sp07-112.fits,4653.43,2.55872,0.118901,0.0650154
spec-56726-GAC117N54V1_sp04-114.fits,5090.25,2.93122,-0.287739,0.119883
spec-56432-KP192102N424113V01_sp12-072.fits,5612.08,3.84289,-0.0688766,0.0450137
spec-56611-GAC108N21V3_sp13-137.fits,4903.88,3.19902,0.239421,0.0373216
spec-56737-HD102653N171310V01_sp08-244.fits,4865.01,2.92666,-0.155058,0.0566876
spec-56561-KP195920N454621V01_sp11-008.fits,4933.48,2.75763,-0.312475,0.0987476
spec-56571-KP194918N413456V01_sp04-207.fits,4721.99,2.63787,0.138569,0.0473431
spec-56385-GAC113N23V1_sp08-037.fits,4935.87,3.11576,-0.145632,0.0549227
spec-56670-GAC084N44V1_sp04-223.fits,4751.1,2.44546,0.0171908,0.0290352
spec-56591-KP195920N454621V3_sp10-155.fits,5036.03,3.04675,0.122978,0.00883813
spec-56807-KP185111N464417V02_sp06-141.fits,4844.88,2.65509,-1.11174,0.237902
spec-56798-KP192314N471144V01_sp04-152.fits,4757.87,2.59544,0.0975528,0.0538303
spec-56626-GAC107N36V1_sp10-017.fits,4736.44,2.5229,-0.324708,0.0845624
spec-56661-GAC092N13V1_sp01-042.fits,4609.97,2.33848,-0.137012,0.0210278
spec-56811-KP190339N395439V02_sp08-012.fits,4949.13,3.23631,-0.0672783,0.0314874
spec-56811-KP190339N395439V01_sp13-067.fits,4562.63,2.33198,-0.543331,0.233857
spec-56571-KP194918N413456V01_sp16-150.fits,4992.68,3.19229,-0.0575464,0.0321007
spec-56094-kepler05B56094_2_sp12-087.fits,4997.36,3.14153,0.302243,0.0444751
spec-56562-KP192102N424113V02_sp12-183.fits,5127.42,3.53114,-0.119164,0.0497862
spec-56780-KP185111N464417V01_sp08-138.fits,4624.52,2.50739,0.239276,0.0303739
spec-56641-GAC117N12V2_sp02-017.fits,4753.69,2.87453,-0.389221,0.239605
spec-56811-KP190339N395439V01_sp07-053.fits,5340.5,3.69481,0.192193,0.0485737
spec-56798-KP192314N471144V01_sp04-035.fits,4987.4,3.43192,0.0891792,0.0542966
spec-56583-KP195920N454621V03_sp04-224.fits,4982.21,2.92894,0.198021,0.0245213
spec-56432-KP192102N424113V01_sp11-118.fits,5504.45,3.91399,0.0928914,0.0468227
spec-56083-IF04_B56083_sp14-234.fits,5058.46,3.1153,-0.00794823,0.0333492
spec-56737-HD102653N171310V01_sp09-144.fits,4831.92,2.74976,-0.562156,0.240019
spec-56760-HD160722N214921V01_sp13-185.fits,4957.8,2.87419,-0.940685,0.295299
spec-56780-KP185111N464417V01_sp16-110.fits,4712.83,2.60445,0.2055,0.036518
spec-56432-KP192102N424113V01_sp13-203.fits,4956.3,2.73425,-0.344708,0.0897166
spec-56780-KP185111N464417V01_sp15-138.fits,4850.76,3.19274,0.150221,0.069936
spec-56561-KP195920N454621V01_sp08-201.fits,5069.62,3.05257,0.109833,0.0106579
spec-56583-KP195920N454621V03_sp04-070.fits,5321.37,3.08576,0.161347,0.0206729
spec-56432-KP192102N424113V01_sp15-013.fits,4096.61,1.34039,-0.376274,0.157219
spec-56561-KP195920N454621V02_sp04-202.fits,4860.03,2.97194,-0.260095,0.0665099
spec-56570-KP190808N440210V01_sp04-053.fits,4928.89,2.9976,-0.21034,0.0619441
spec-56199-EG000313N173308V_1_sp05-034.fits,4821.56,2.61859,-0.245671,0.0651681
spec-56726-GAC117N54V1_sp02-014.fits,4694.98,2.45675,-0.274411,0.0745308
spec-56625-GAC113N37V1_sp13-142.fits,4731.76,2.50043,-0.567558,0.11475
spec-56798-KP192314N471144V01_sp10-100.fits,4595.22,2.363,0.202379,0.0859782
spec-56667-HD104840S015732V_sp13-185.fits,5343.89,3.90179,-0.539867,0.219451
spec-56561-KP195920N454621V02_sp07-110.fits,4996.17,2.95563,0.0889523,0.0248555
spec-56561-KP195920N454621V02_sp01-158.fits,3972.03,0.90778,-0.454973,0.0428806
spec-56435-KP194045N483045V01_sp09-064.fits,4678.74,2.56225,0.214457,0.0348532
spec-56811-KP190339N395439V02_sp04-055.fits,4997.06,3.20415,-0.350204,0.0996707
spec-56432-KP192102N424113V01_sp10-097.fits,4666.78,2.52872,0.259073,0.0418299
spec-56667-HD104840S015732V_sp09-115.fits,4615.95,3.08086,-0.27932,0.0671925
spec-56811-KP190339N395439V01_sp07-108.fits,4762.96,2.50431,0.0399991,0.0442448
spec-56649-HD121513N165426V_sp01-158.fits,4369.09,1.47474,-1.21806,0.28675
spec-56432-KP192102N424113V01_sp02-247.fits,4301.62,1.99609,0.0431751,0.0416409
spec-56675-HD123204S014620V01_sp15-062.fits,4880.66,2.81944,-0.163029,0.103931
spec-56678-GAC109N30V2_sp04-103.fits,4612.36,2.35821,-0.100119,0.0165639
spec-56618-VB057N34V1_sp02-033.fits,4803.72,2.67813,-0.030029,0.0643859
spec-56722-HD154740N282810V01_sp06-108.fits,4546.79,2.6316,0.421778,0.043595
spec-56780-KP185111N464417V01_sp16-105.fits,4654.62,2.40189,-0.375943,0.103227
spec-56561-KP195920N454621V02_sp02-248.fits,4756.68,2.58723,-0.149275,0.0879477
spec-56561-KP195920N454621V01_sp15-099.fits,5226.09,3.56673,-0.124184,0.038404
spec-56706-GAC118N39V1_sp04-035.fits,4863.62,2.69832,-0.139425,0.0587635
spec-56094-kepler05B56094_sp12-066.fits,5017.2,2.99212,0.197144,0.0340752
spec-56642-HD114322N280318V_sp04-082.fits,4475.73,1.97624,-0.453228,0.18519
spec-56811-KP190339N395439V02_sp13-119.fits,4598.31,2.72159,0.00918441,0.200188
spec-56550-KP194045N483045V02_sp10-051.fits,4933.58,3.11063,0.15154,0.0759164
spec-56723-HD134348N172427V01_sp04-205.fits,4404.77,1.18721,-1.76638,0.32431
spec-56647-GAC085N22V2_sp15-218.fits,4713.32,2.55803,-0.135502,0.042288
spec-56678-HD131249N423736V01_sp10-250.fits,4798.34,3.79879,-0.416131,0.013625
spec-55977-GAC_080N37_V1_sp03-174.fits,4790.06,2.86256,-0.40632,0.231215
spec-56561-KP195920N454621V01_sp08-220.fits,4980.52,2.88651,0.0128766,0.0227647
spec-56562-KP192102N424113V02_sp12-113.fits,4893.22,3.0958,-0.0488985,0.0763656
spec-56432-KP192102N424113V01_sp12-128.fits,4866.7,2.65361,-0.182644,0.0435881
spec-56550-KP194045N483045V02_sp09-200.fits,4863.91,3.04858,-0.144749,0.0454179
spec-56571-KP194918N413456V01_sp04-112.fits,4932.98,2.93909,0.154787,0.0107843
spec-56777-HD141829N034028V01_sp04-047.fits,4416.13,1.93005,-0.559768,0.269339
spec-56807-KP185111N464417V02_sp07-065.fits,4610.77,2.46451,0.397132,0.0188922
spec-56760-HD160722N214921V01_sp04-219.fits,4805.11,2.8353,-0.137235,0.064789
spec-56550-KP194045N483045V02_sp09-009.fits,4745.51,2.38364,-0.285035,0.0939287
spec-56611-GAC108N21V3_sp13-154.fits,4819.27,2.55632,-0.246119,0.0988708
spec-56616-VB136N38V2_sp04-008.fits,4790.86,2.80781,-0.093986,0.0746143
spec-56807-KP185111N464417V03_sp06-014.fits,4943.94,2.83233,-0.132734,0.0504311
spec-56767-HD160238N263643V01_sp07-092.fits,4660.0,2.70722,-0.175614,0.143088
spec-56083-IF04_B56083_sp08-152.fits,4715.62,2.44603,-0.048983,0.0284963
spec-56570-KP190808N440210V01_sp09-098.fits,4868.8,2.70528,-0.0748006,0.0455898
spec-56678-GAC109N30V1_sp02-052.fits,4890.62,2.6957,-0.239565,0.0726469
spec-56562-KP192102N424113V02_sp06-070.fits,4845.18,2.8361,-0.123979,0.0646005
spec-56571-KP194918N413456V01_sp11-136.fits,4784.18,2.55666,-0.124727,0.0570431
spec-56811-KP190339N395439V01_sp01-148.fits,4637.28,2.44455,0.0347553,0.142291
spec-56376-GAC103N38V2_sp08-149.fits,4805.51,2.64722,-0.217142,0.0931772
spec-56561-KP195920N454621V01_sp08-034.fits,4096.91,1.61058,0.0980229,0.0148504
spec-56798-KP192314N471144V01_sp11-079.fits,4628.91,2.45766,0.195009,0.0446929
spec-56550-KP194045N483045V02_sp02-080.fits,4958.69,3.34717,0.169755,0.0365097
spec-56780-KP185111N464417V01_sp15-068.fits,4906.47,2.88297,-0.0702693,0.0816822
spec-56780-KP185111N464417V01_sp06-026.fits,4961.38,2.7355,-0.447125,0.10045
spec-56562-KP192102N424113V02_sp12-077.fits,5031.45,3.0439,0.140716,0.0291319
spec-56435-KP194045N483045V01_sp15-165.fits,4988.59,3.49579,-0.270354,0.153172
spec-56811-KP190339N395439V01_sp04-100.fits,4756.48,2.83005,-0.497066,0.265793
spec-56807-KP185111N464417V03_sp08-186.fits,4095.21,1.40015,-0.345101,0.20175
spec-56616-VB136N38V2_sp04-177.fits,4282.48,2.08801,0.203319,0.0213423
spec-55954-GAC_089N11_V1_sp03-174.fits,4541.31,2.08858,-0.148356,0.0444703
spec-56562-KP192102N424113V02_sp09-227.fits,4711.53,2.60993,0.256588,0.0383847
spec-56807-KP185111N464417V03_sp07-140.fits,5355.75,3.92099,0.317233,0.0551607
spec-56811-KP190339N395439V02_sp08-107.fits,4980.82,3.2021,0.0347079,0.0489421
spec-56811-KP190339N395439V01_sp01-082.fits,4707.84,2.54651,0.215093,0.0190263
spec-56561-KP195920N454621V02_sp07-035.fits,4789.07,2.81386,0.284304,0.031407
spec-56706-GAC118N39V1_sp13-106.fits,4650.24,2.37075,-0.423356,0.113924
spec-56730-HD145243N315530V_sp08-050.fits,4908.76,3.24487,-0.053125,0.0722915
spec-56432-KP192102N424113V01_sp15-108.fits,4739.93,2.8499,0.0944885,0.0493612
spec-56570-KP190808N440210V01_sp11-013.fits,4893.31,2.71292,-0.221866,0.0694773
spec-56798-KP192314N471144V01_sp04-051.fits,4719.6,2.48743,0.0739964,0.0224911
spec-56595-HD213801N410452V01_sp09-084.fits,4629.21,2.56716,-0.476164,0.233054
spec-56739-HD144825N222355V_sp06-168.fits,4817.77,3.11644,-0.322222,0.222552
spec-56094-kepler05B56094_sp03-108.fits,4687.31,2.56647,-0.060477,0.0482616
spec-56561-KP195920N454621V01_sp10-172.fits,4818.07,2.69935,0.159755,0.0328923
spec-56571-KP194918N413456V01_sp15-171.fits,4532.24,2.01559,-0.46838,0.132645
spec-56780-KP185111N464417V01_sp09-201.fits,4853.05,2.59316,0.149218,0.0544413
spec-56659-GAC076N21B1_sp04-190.fits,4978.23,2.94844,-0.16001,0.0397875
spec-56094-kepler05B56094_2_sp13-037.fits,4544.1,2.1366,-0.307981,0.0749755
spec-56798-KP192314N471144V01_sp09-179.fits,4609.57,2.33129,-0.117944,0.200314
spec-56561-KP195920N454621V02_sp02-106.fits,5026.27,2.88332,0.0824809,0.00734275
spec-56807-KP185111N464417V02_sp09-066.fits,4681.63,2.61004,-0.0208575,0.0652703
spec-56811-KP190339N395439V02_sp04-068.fits,4166.47,1.78645,0.0982064,-0.00966272
spec-56780-KP185111N464417V01_sp09-030.fits,4632.6,2.45196,0.268174,0.0484233
spec-56562-KP192102N424113V02_sp16-107.fits,4258.56,1.74243,0.233751,0.0163245
spec-56570-KP190808N440210V01_sp07-011.fits,5144.17,3.23551,-0.017295,0.0191613
spec-56094-kepler05B56094_sp16-203.fits,4892.62,3.11496,-0.355645,0.0926898
spec-56561-KP195920N454621V01_sp15-171.fits,4630.0,2.59213,-0.23996,0.226077
spec-56094-kepler05B56094_sp03-012.fits,5006.93,2.9262,-0.182016,0.0922704
spec-56798-KP192314N471144V01_sp02-056.fits,4462.57,2.21975,-0.375649,0.220721
spec-56649-HD121513N165426V_sp01-025.fits,4702.26,2.50465,-0.336187,0.220693
spec-56667-HD104840S015732V_sp11-074.fits,4791.46,2.56339,0.0561392,0.0507651
spec-56094-kepler05B56094_sp05-224.fits,5091.94,3.11941,0.0202151,0.0438143
spec-56573-KP185031N425443V01_sp01-119.fits,5521.49,3.58885,-0.708957,0.146001
spec-56432-KP192102N424113V01_sp15-191.fits,4054.25,1.21538,-0.453056,0.245961
spec-56737-HD102653N171310V01_sp06-236.fits,4899.49,2.92688,-0.467793,0.140254
spec-56798-KP192314N471144V01_sp04-229.fits,4973.04,3.37238,0.0365552,0.0541271
spec-56798-KP192314N471144V01_sp02-010.fits,4855.74,2.69433,-0.0965227,0.0657187
spec-56573-KP185031N425443V01_sp15-053.fits,4519.28,2.21861,-0.138809,0.0432116
spec-56267-GAC104N42V1_sp03-201.fits,4720.8,2.40851,0.236393,0.0359286
spec-56591-KP195920N454621V3_sp16-147.fits,4998.86,2.63205,-0.601924,0.22382
spec-56749-VB139N28V1_sp08-071.fits,5141.08,3.57756,-0.111526,0.0459521
spec-56777-HD141829N034028V01_sp15-157.fits,4911.85,3.2362,-0.394836,0.16832
spec-56094-kepler05B56094_sp13-203.fits,4947.93,2.97969,0.0843023,0.0192816
spec-56811-KP190339N395439V02_sp06-090.fits,4642.96,2.62259,-0.0160381,0.0556869
spec-56679-HD090143N355133V01_sp13-154.fits,4953.71,3.3831,-0.0353746,0.04386
spec-56811-KP190339N395439V01_sp13-122.fits,4971.85,3.23494,0.0367948,0.0548566
spec-56777-HD141829N034028V01_sp11-169.fits,4364.7,2.11573,-0.228774,0.193607
spec-56562-KP192102N424113V02_sp16-108.fits,4840.49,2.69193,0.12444,0.0297481
spec-56780-KP185111N464417V01_sp04-013.fits,4653.43,2.54286,0.258131,0.0109106
spec-56561-KP195920N454621V02_sp08-220.fits,5047.29,3.31889,0.00248483,0.0529852
spec-56230-EG231518N122615V01_sp09-047.fits,4868.3,2.80142,0.0350088,0.0146834
spec-56562-KP192102N424113V02_sp06-047.fits,5001.35,2.97787,0.0608662,0.00982256
spec-56780-KP185111N464417V01_sp04-203.fits,4996.86,3.16252,0.00579008,0.0482571
spec-56679-HD090143N355133V01_sp09-091.fits,4586.85,2.01205,-0.689616,0.207376
spec-56642-VB136N01V2_sp16-088.fits,4588.94,2.27506,-0.22688,0.0628522
spec-56667-HD104840S015732V_sp09-089.fits,5334.42,3.6387,-0.178197,0.0680469
spec-56562-KP192102N424113V02_sp08-076.fits,4929.29,2.95813,0.204292,0.0406522
spec-56084-VB3_227N26_V1_sp08-165.fits,4228.86,1.60796,-0.0284175,0.0189697
spec-56730-HD145243N315530V_sp04-112.fits,4976.83,3.42222,-0.276448,0.138562
spec-56550-KP194045N483045V02_sp10-235.fits,4716.31,2.5018,0.172024,0.0366329
spec-56811-KP190339N395439V01_sp01-100.fits,4674.06,2.53967,0.294417,0.0446569
spec-56432-KP192102N424113V01_sp12-141.fits,5015.5,2.98619,0.120917,0.0289307
spec-56698-HD105837N193719V01_sp10-131.fits,4704.35,2.71497,-0.154541,0.116901
spec-56084-VB3_227N26_V1_sp08-035.fits,4846.97,2.60708,-0.23221,0.0870258
spec-56811-KP190339N395439V02_sp04-192.fits,4436.66,2.29251,-0.0427558,0.156955
spec-56699-GAC085N52V2_sp04-070.fits,4943.74,2.98859,-0.0114662,0.0320375
spec-56616-VB136N38V1_sp08-022.fits,4591.24,2.58552,-0.124023,0.135779
spec-56780-KP185111N464417V01_sp06-249.fits,5145.56,3.12819,-0.429947,0.0955749
spec-56432-KP192102N424113V01_sp06-049.fits,4771.53,2.68817,0.30026,0.0138712
spec-56680-HD133738N421203V01_sp01-028.fits,4699.97,2.56784,0.0307739,0.0648305
spec-56094-kepler05B56094_sp13-225.fits,4701.26,2.49268,-0.0190501,0.0775729
spec-56626-GAC107N36V2_sp09-160.fits,4613.06,2.62829,0.245479,0.0521165
spec-56782-HD162506N240323V01_sp10-121.fits,4710.93,2.78409,-0.106485,0.187746
spec-56561-KP195920N454621V01_sp11-079.fits,4417.42,2.0019,-0.0644191,0.0492254
spec-56573-KP185031N425443V01_sp04-176.fits,4122.42,1.60306,0.0634399,0.0778789
spec-56780-KP185111N464417V01_sp09-152.fits,4887.24,2.9871,0.0374684,0.0399649
spec-56777-VB171N03V2_sp04-224.fits,4321.65,1.60762,-0.452655,0.14966
spec-56661-GAC092N13V2_sp10-206.fits,4331.91,1.66658,-0.427345,0.0866075
spec-56798-KP192314N471144V01_sp04-144.fits,4786.18,2.50135,0.149444,0.019826
spec-56595-HD213801N410452V01_sp09-008.fits,4231.95,1.56177,-0.076702,0.0524703
spec-56811-KP190339N395439V02_sp15-191.fits,4844.88,2.96886,0.250964,0.0315501
spec-56698-HD151053N291344V_sp16-095.fits,5127.02,3.53514,-0.262176,0.082085
spec-56661-GAC092N13V2_sp09-087.fits,4776.61,2.74303,0.0400705,0.0406397
spec-56741-HD115451S012705V_sp16-050.fits,5473.95,3.91039,-0.362947,0.028437
spec-56562-KP192102N424113V02_sp15-206.fits,4936.67,2.95962,-0.287178,0.0990651
spec-56595-HD213801N410452V01_sp12-081.fits,4598.71,2.41216,0.0477353,0.032772
spec-56617-VB081S05V1_sp08-139.fits,4614.46,2.27198,-0.294433,0.0812566
spec-56798-KP192314N471144V01_sp15-170.fits,5360.44,3.89679,0.176483,0.0344787
spec-56777-HD141829N034028V01_sp11-066.fits,4827.34,2.74212,-0.30307,0.0767562
spec-56811-KP190339N395439V02_sp13-232.fits,4473.23,1.85922,-0.0500765,0.0499664
spec-56094-kepler05B56094_2_sp10-146.fits,4394.2,1.94134,-0.393886,0.192004
spec-56550-KP194045N483045V02_sp16-098.fits,4788.27,2.76994,0.23362,0.0222677
spec-56699-HD145812N264900V_sp09-205.fits,4814.68,2.59031,-0.358363,0.208935
spec-56561-KP195920N454621V01_sp08-109.fits,4769.13,2.94217,-0.297373,0.218648
spec-56550-KP194045N483045V02_sp09-176.fits,4774.32,2.71018,-0.136705,0.0819574
spec-56698-HD151053N291344V_sp15-016.fits,4861.32,2.16397,-1.79702,0.377723
spec-56807-KP185111N464417V03_sp08-127.fits,4088.83,1.67559,0.165975,0.0164631
spec-56617-VB081S05V2_sp06-175.fits,5517.6,3.63231,-0.451407,0.0613847
spec-56435-KP194045N483045V01_sp15-169.fits,4847.57,2.90704,0.398993,0.0422075
spec-56570-KP190808N440210V01_sp11-065.fits,4734.95,2.60776,0.230689,0.0342535
spec-56780-KP185111N464417V01_sp07-121.fits,4783.88,2.80063,0.150527,0.0456477
spec-56403-HD135323N334712B01_sp09-227.fits,4870.19,2.5334,-0.60715,0.253412
spec-56550-KP194045N483045V02_sp10-004.fits,4278.59,1.60112,-0.388567,0.196792
spec-56550-KP194045N483045V02_sp16-140.fits,4909.66,2.76413,-0.233468,0.0838657
spec-56777-HD141829N034028V01_sp04-023.fits,4437.95,1.96392,-0.263966,0.203701
spec-56811-KP190339N395439V02_sp13-243.fits,4953.81,2.99167,0.256654,0.0363528
spec-56811-KP190339N395439V02_sp01-147.fits,4802.12,2.897,-0.183751,0.148513
spec-56685-HD132914S012151V01_sp04-035.fits,4734.95,2.7712,-0.372391,0.162649
spec-56561-KP195920N454621V01_sp02-229.fits,4658.91,2.39197,0.151965,0.0651471
spec-56432-KP192102N424113V01_sp02-029.fits,4864.01,2.80485,-0.0123013,0.0326867
spec-56780-KP185111N464417V01_sp08-139.fits,5604.91,3.90589,-0.328277,0.0430077
spec-56798-KP192314N471144V01_sp08-137.fits,4385.93,2.14858,0.151755,0.0304062
spec-56561-KP195920N454621V02_sp15-159.fits,4731.26,2.57811,0.0149328,0.0664571
spec-56573-KP185031N425443V01_sp08-204.fits,4759.57,2.56761,-0.0576001,0.0331568
spec-56435-KP194045N483045V01_sp13-068.fits,4827.54,2.62008,-0.156019,0.0710698
